193.10.10.10		http://ebay.com
217.160.83.168		http://soso.com
180.76.5.171		http://aviasales.ru
217.160.80.2		http://tumblr.com
217.160.82.168		http://xnxx.com
217.160.81.2		http://onetwotrip.com
123.125.71.60		http://t.co
112.19.229.23		http://reddit.com
66.249.78.218		http://ebay.com
112.19.229.23		http://bbc.co.uk
112.19.229.23		http://darknet.info
141.8.224.239		http://ask.com
217.160.83.168		http://onetwotrip.com
217.160.81.173		http://Onclickads.net
90.236.49.48		http://yahoo.com
66.249.64.120		http://dropbox.com
192.10.10.10		http://yandex.ru
193.20.10.10		http://wordpress.com
192.20.10.10		http://dropbox.com
217.160.81.2		http://aliexpress.com
217.160.82.2		http://pornhub.com
151.250.164.109		http://onetwotrip.com
193.10.10.10		http://huffingtonpost.com
123.125.71.116		http://google.com.br
123.125.71.60		http://bing.com
66.249.64.43		http://linkedin.com
193.20.10.10		http://localhost
180.76.5.171		http://google.com.mx
207.46.13.51		http://onetwotrip.com
66.249.64.94		http://imdb.com
123.125.71.116		http://netflix.com
193.10.10.10		http://aviasales.ru
112.19.229.23		http://taobao.com
66.249.64.43		http://wordpress.com
66.249.78.205		http://xhamster.com
90.236.49.48		http://walmart.com
23.94.79.86		http://alibaba.com
66.249.64.98		http://127.0.0.1
192.20.10.10		http://yandex.ru
217.160.80.173		http://apple.com
141.8.224.239		http://walmart.com
82.75.109.85		http://aliexpress.com
66.249.78.205		http://aviasales.ru
151.250.164.109		http://people.com.cn
151.250.164.109		http://shmoogle.com
192.10.10.10		http://espn.go.com
108.59.82.144		http://google.ru
193.10.10.10		http://blogger.com
201.147.132.57		http://twitter.com
211.36.159.183		http://google.ca
66.249.64.69		http://sina.com.cn
207.46.13.51		http://faceboook.com
180.76.5.148		http://baidu.com
66.249.64.120		http://faceboook.com
66.249.78.205		http://qq.com
101.226.33.237		http://blogger.com
108.59.82.144		http://360.cn
101.226.33.237		http://Cntv.cn
66.249.64.94		http://alibaba.com
141.8.224.239		http://baidu.com
66.249.64.121		http://stackoverflow.com
217.160.80.173		http://youku.com
66.249.64.113		http://google.com.mx
123.125.71.116		http://google.de
60.190.218.161		http://adcash.com
193.20.10.10		http://aviasales.ru
66.249.64.120		http://Onclickads.net
192.10.10.10		http://qq.com
201.147.132.57		http://rakuten.co.jp
66.249.64.94		http://xvideos.com
66.249.64.77		http://tmall.com
201.49.220.38		http://sohu.com
66.249.64.35		http://google.ca
192.10.10.10		http://yahoo.co.jp
192.20.10.10		http://shmoogle.com
217.160.83.168		http://ask.com
66.249.64.121		http://google.com.au
66.249.64.35		http://wikipedia.org
66.249.78.198		http://xvideos.com
123.125.71.60		http://google.com.au
94.243.220.76		http://google.com.tr
207.46.13.97		http://yandex.ru
66.249.78.218		http://darknet.info
217.160.80.2		http://shmoogle.com
180.76.5.145		http://Googleadservices.com
217.160.80.173		http://aviasales.ru
217.160.80.173		http://bing.com
66.249.78.218		http://faceboook.com
127.0.0.1		http://Googleadservices.com
66.249.78.205		http://faceboook.com
217.160.80.173		http://go.com
122.4.64.144		http://google.co.uk
192.20.10.10		http://weibo.com
66.249.64.117		http://baidu.com
192.20.10.10		http://odnoklassniki.ru
217.160.80.2		http://apple.com
101.226.33.237		http://dailymotion.com
66.249.64.35		http://apple.com
217.160.81.2		http://faceboook.com
60.190.218.161		http://facebook.com
217.160.81.2		http://odnoklassniki.ru
123.125.71.60		http://kickass.so
66.249.64.113		http://127.0.0.1
66.249.64.120		http://twitter.com
66.249.64.98		http://dropbox.com
193.20.10.10		http://youtube.com
66.249.78.218		http://stackoverflow.com
192.20.10.10		http://onetwotrip.com
66.249.64.94		http://google.it
66.249.64.94		http://shmoogle.com
101.226.33.237		http://fc2.com
82.75.109.85		http://shmoogle.com
66.249.64.43		http://dailymotion.com
217.160.81.2		http://google.pl
207.46.13.51		http://google.de
211.36.159.183		http://rakuten.co.jp
217.160.83.2		http://netflix.com
23.94.79.86		http://dailymotion.com
43.225.149.49		http://alipay.com
12.233.108.228		http://google.co.jp
66.249.64.69		http://localhost
66.249.64.120		http://Googleadservices.com
217.160.80.173		http://aliexpress.com
217.160.82.168		http://soso.com
66.249.64.35		http://yahoo.com
201.49.220.38		http://google.com.tr
66.249.64.121		http://youradexchange.com
217.160.82.2		http://qq.com
123.125.71.60		http://xvideos.com
66.249.64.35		http://wikipedia.org
66.249.64.35		http://google.com.br
108.59.82.144		http://wikipedia.org
201.147.132.57		http://dailymotion.com
43.225.149.49		http://tmall.com
66.249.64.35		http://baidu.com
123.125.71.116		http://pinterest.com
66.249.78.218		http://Googleadservices.com
66.249.64.120		http://google.ca
90.236.49.48		http://google.ca
216.185.39.104		http://adcash.com
66.249.64.35		http://google.it
101.226.33.237		http://youku.com
192.20.10.10		http://reddit.com
66.249.64.25		http://microsoft.com
151.250.164.109		http://t.co
217.160.80.2		http://google.com.mx
192.20.10.10		http://baidu.com
123.125.71.60		http://aliexpress.com
66.249.64.77		http://people.com.cn
66.249.64.98		http://yahoo.com
211.36.159.183		http://facebook.com
217.160.82.2		http://shmoogle.com
66.249.64.69		http://huffingtonpost.com
217.160.82.2		http://adcash.com
141.8.224.239		http://vk.com
192.20.10.10		http://google.ru
12.233.108.228		http://blogger.com
43.225.149.49		http://flipkart.com
66.249.64.73		http://wikipedia.org
66.249.64.98		http://163.com
192.20.10.10		http://walmart.com
192.20.10.10		http://google.fr
201.49.220.38		http://google.fr
66.249.78.218		http://google.de
180.76.5.148		http://google.co.uk
82.75.109.85		http://apple.com
217.160.80.2		http://twitter.com
217.160.81.2		http://google.de
66.249.78.218		http://bing.com
66.249.64.102		http://sohu.com
66.249.64.98		http://sina.com.cn
123.125.71.60		http://facebook.com
127.0.0.1		http://walmart.com
90.236.49.48		http://google.ru
193.20.10.10		http://faceboook.com
217.160.83.168		http://adcash.com
123.125.71.60		http://bestbuy.com
122.4.64.144		http://localhost
82.75.109.85		http://shmoogle.com
66.249.78.218		http://dailymotion.com
193.20.10.10		http://gmw.cn
123.125.71.60		http://microsoft.com
66.249.64.43		http://localhost
66.249.64.113		http://sohu.com
12.233.108.228		http://Akamaihd.net
193.10.10.10		http://baidu.com
212.231.30.138		http://onetwotrip.com
217.160.83.2		http://dropbox.com
207.46.13.137		http://darknet.info
151.250.164.109		http://amazon.com
217.160.80.2		http://faceboook.com
217.160.81.2		http://yahoo.com
66.249.64.73		http://adobe.com
217.160.83.168		http://qq.com
211.36.159.183		http://localhost
122.4.64.144		http://localhost
60.190.218.161		http://amazon.com
192.10.10.10		http://aviasales.ru
192.20.10.10		http://youku.com
180.76.5.145		http://apple.com
90.236.49.48		http://weibo.com
180.76.5.148		http://Buzzfeed.com
66.249.64.77		http://Akamaihd.net
207.46.13.51		http://google.com.au
66.249.64.69		http://darknet.info
207.46.13.97		http://facebook.com
192.10.10.10		http://localhost
180.76.5.171		http://faceboook.com
66.249.78.218		http://Googleadservices.com
122.4.64.144		http://yahoo.co.jp
217.160.80.2		http://microsoft.com
207.46.13.137		http://darknet.info
101.226.33.237		http://Naver.com
60.190.218.161		http://apple.com
207.46.13.51		http://PayPal.com
192.20.10.10		http://youtube.com
23.94.79.86		http://tumblr.com
217.160.82.2		http://yahoo.co.jp
207.46.13.137		http://localhost
101.226.33.237		http://pinterest.com
66.249.78.218		http://xnxx.com
180.76.5.145		http://google.pl
217.160.82.168		http://127.0.0.1
216.185.39.104		http://localhost
217.160.83.2		http://stackoverflow.com
220.181.108.104		http://Akamaihd.net
101.226.33.237		http://youku.com
66.249.64.120		http://google.com.au
180.76.5.147		http://apple.com
66.249.78.218		http://aviasales.ru
180.76.5.148		http://alipay.com
207.46.13.137		http://xhamster.com
201.147.132.57		http://google.co.jp
43.225.149.49		http://ask.com
180.76.5.147		http://kickass.so
66.249.64.94		http://darknet.info
141.8.224.239		http://pinterest.com
207.46.13.97		http://pornhub.com
90.236.49.48		http://soso.com
82.75.109.85		http://googleusercontent.com
192.10.10.10		http://odnoklassniki.ru
192.10.10.10		http://Naver.com
66.249.64.43		http://faceboook.com
66.249.64.77		http://Cntv.cn
220.181.108.104		http://blogger.com
66.249.64.94		http://linkedin.com
123.125.71.60		http://PayPal.com
127.0.0.1		http://darknet.info
112.19.229.23		http://netflix.com
123.125.71.116		http://Onclickads.net
66.249.64.35		http://shmoogle.com
180.76.5.148		http://craigslist.org
217.160.81.2		http://darknet.info
66.249.78.198		http://bestbuy.com
66.249.64.98		http://qq.com
66.249.64.73		http://wikipedia.org
66.249.78.218		http://msn.com
66.249.64.69		http://google.com.mx
66.249.64.94		http://127.0.0.1
112.19.229.23		http://blogger.com
66.249.64.98		http://live.com
66.249.64.113		http://Akamaihd.net
127.0.0.1		http://reddit.com
217.160.81.2		http://taobao.com
60.190.218.161		http://aviasales.ru
60.190.218.161		http://onetwotrip.com
201.147.132.57		http://blogspot.com
90.236.49.48		http://odnoklassniki.ru
66.249.64.69		http://facebook.com
192.20.10.10		http://baidu.com
192.10.10.10		http://dropbox.com
212.231.30.138		http://amazon.com
66.249.78.218		http://163.com
201.147.132.57		http://google.com.au
66.249.64.73		http://google.ru
217.160.81.173		http://google.co.jp
180.76.5.145		http://google.com.br
66.249.64.69		http://aviasales.ru
66.249.64.98		http://yahoo.co.jp
66.249.64.121		http://xinhuanet.com
66.249.64.25		http://linkedin.com
66.249.64.94		http://yahoo.co.jp
94.243.220.76		http://facebook.com
66.249.64.98		http://baidu.com
192.10.10.10		http://people.com.cn
43.225.149.49		http://shmoogle.com
66.249.78.198		http://walmart.com
217.160.83.2		http://facebook.com
66.249.78.198		http://walmart.com
207.46.13.51		http://aviasales.ru
192.20.10.10		http://youradexchange.com
217.160.82.168		http://bing.com
90.236.49.48		http://faceboook.com
66.249.64.113		http://people.com.cn
122.4.64.144		http://t.co
127.0.0.1		http://dailymotion.com
207.46.13.97		http://live.com
123.125.71.60		http://onetwotrip.com
193.10.10.10		http://aviasales.ru
94.243.220.76		http://flipkart.com
216.185.39.104		http://taobao.com
180.76.5.148		http://blogger.com
66.249.78.218		http://163.com
217.160.81.2		http://live.com
193.20.10.10		http://blogspot.com
66.249.64.117		http://googleusercontent.com
207.46.13.137		http://google.ca
217.160.82.168		http://google.co.jp
151.250.164.109		http://yandex.ru
66.249.64.98		http://bestbuy.com
193.10.10.10		http://darknet.info
122.4.64.144		http://google.co.uk
66.249.64.43		http://netflix.com
90.236.49.48		http://dropbox.com
94.243.220.76		http://google.com.br
207.46.13.137		http://bbc.co.uk
207.46.13.51		http://onetwotrip.com
193.20.10.10		http://hao123.com
217.160.83.168		http://imgur.com
216.185.39.104		http://yahoo.com
101.226.33.237		http://faceboook.com
193.10.10.10		http://dailymotion.com
180.76.5.148		http://google.com.tr
90.236.49.48		http://instagram.com
217.160.81.2		http://google.com.mx
192.20.10.10		http://t.co
82.75.109.85		http://google.com
66.249.64.43		http://msn.com
127.0.0.1		http://bbc.co.uk
217.160.80.2		http://onetwotrip.com
217.160.81.2		http://bbc.co.uk
193.20.10.10		http://pinterest.com
207.46.13.51		http://linkedin.com
212.231.30.138		http://amazon.com
66.249.64.113		http://gmw.cn
193.20.10.10		http://ebay.com
207.46.13.137		http://people.com.cn
207.46.13.97		http://apple.com
66.249.64.43		http://127.0.0.1
151.250.164.109		http://youku.com
90.236.49.48		http://weibo.com
207.46.13.51		http://apple.com
101.226.33.237		http://blogger.com
66.249.78.205		http://google.com
201.147.132.57		http://xinhuanet.com
201.49.220.38		http://shmoogle.com
127.0.0.1		http://amazon.com
207.46.13.137		http://reddit.com
66.249.64.43		http://yahoo.co.jp
66.249.64.113		http://wikipedia.org
66.249.64.43		http://localhost
90.236.49.48		http://localhost
217.160.82.2		http://google.es
23.94.79.86		http://odnoklassniki.ru
212.231.30.138		http://hao123.com
123.125.71.60		http://imdb.com
216.185.39.104		http://darknet.info
211.36.159.183		http://youku.com
180.76.5.171		http://google.pl
123.125.71.60		http://localhost
23.94.79.86		http://google.co.in
66.249.64.102		http://PayPal.com
66.249.64.69		http://PayPal.com
192.20.10.10		http://google.ca
66.249.64.25		http://msn.com
211.36.159.183		http://faceboook.com
217.160.80.173		http://wikipedia.org
123.125.71.60		http://google.com.tr
66.249.64.43		http://adcash.com
217.160.81.173		http://Naver.com
94.243.220.76		http://twitter.com
180.76.5.148		http://Naver.com
122.4.64.144		http://facebook.com
112.19.229.23		http://onetwotrip.com
108.59.82.144		http://ebay.com
180.76.5.171		http://qq.com
66.249.78.198		http://baidu.com
127.0.0.1		http://yahoo.co.jp
180.76.5.148		http://weibo.com
108.59.82.144		http://apple.com
66.249.64.120		http://Buzzfeed.com
201.147.132.57		http://rakuten.co.jp
193.20.10.10		http://ebay.com
127.0.0.1		http://rakuten.co.jp
66.249.64.94		http://google.com.au
180.76.5.171		http://localhost
66.249.78.205		http://127.0.0.1
180.76.5.147		http://people.com.cn
211.36.159.183		http://localhost
66.249.78.205		http://google.ru
217.160.82.168		http://hao123.com
108.59.82.144		http://aliexpress.com
60.190.218.161		http://aviasales.ru
12.233.108.228		http://localhost
180.76.5.147		http://youtube.com
217.160.81.173		http://sina.com.cn
66.249.78.205		http://faceboook.com
192.20.10.10		http://go.com
94.243.220.76		http://live.com
180.76.5.145		http://live.com
201.49.220.38		http://blogspot.com
217.160.82.2		http://yandex.ru
12.233.108.228		http://imgur.com
192.20.10.10		http://weibo.com
66.249.64.77		http://localhost
94.243.220.76		http://google.co.in
43.225.149.49		http://google.com.tr
66.249.64.77		http://go.com
207.46.13.51		http://aviasales.ru
101.226.33.237		http://shmoogle.com
141.8.224.239		http://bing.com
193.10.10.10		http://google.fr
192.20.10.10		http://live.com
66.249.64.98		http://yahoo.com
180.76.5.145		http://wordpress.com
180.76.5.147		http://google.de
66.249.64.43		http://weibo.com
66.249.64.113		http://youtube.com
217.160.80.2		http://qq.com
66.249.64.94		http://twitter.com
217.160.80.173		http://vk.com
60.190.218.161		http://tmall.com
66.249.64.117		http://onetwotrip.com
66.249.64.25		http://baidu.com
127.0.0.1		http://google.com.br
217.160.81.173		http://google.com.hk
23.94.79.86		http://xvideos.com
180.76.5.171		http://msn.com
217.160.80.173		http://Onclickads.net
12.233.108.228		http://instagram.com
201.49.220.38		http://reddit.com
220.181.108.104		http://faceboook.com
180.76.5.148		http://PayPal.com
217.160.82.168		http://twitter.com
66.249.78.198		http://microsoft.com
217.160.82.168		http://wordpress.com
12.233.108.228		http://dailymotion.com
23.94.79.86		http://aviasales.ru
193.10.10.10		http://localhost
192.20.10.10		http://baidu.com
43.225.149.49		http://google.com.hk
192.10.10.10		http://yandex.ru
151.250.164.109		http://people.com.cn
193.20.10.10		http://weibo.com
207.46.13.137		http://instagram.com
66.249.64.43		http://faceboook.com
66.249.64.73		http://xhamster.com
217.160.82.2		http://onetwotrip.com
193.20.10.10		http://sina.com.cn
180.76.5.148		http://Cntv.cn
180.76.5.147		http://ask.com
66.249.64.73		http://xinhuanet.com
82.75.109.85		http://Naver.com
66.249.64.121		http://google.com.tr
216.185.39.104		http://live.com
212.231.30.138		http://gmw.cn
82.75.109.85		http://163.com
66.249.64.120		http://hao123.com
193.10.10.10		http://google.co.uk
123.125.71.116		http://youku.com
180.76.5.148		http://Akamaihd.net
66.249.64.35		http://onetwotrip.com
212.231.30.138		http://google.com
66.249.64.35		http://127.0.0.1
43.225.149.49		http://qq.com
66.249.64.102		http://apple.com
193.10.10.10		http://wikipedia.org
193.10.10.10		http://bbc.co.uk
127.0.0.1		http://youtube.com
141.8.224.239		http://amazon.com
23.94.79.86		http://dailymotion.com
192.10.10.10		http://Cntv.cn
201.49.220.38		http://soso.com
212.231.30.138		http://xnxx.com
217.160.82.2		http://google.com.hk
66.249.64.69		http://soso.com
66.249.64.120		http://imgur.com
66.249.64.35		http://kickass.so
207.46.13.97		http://googleusercontent.com
66.249.78.218		http://google.it
180.76.5.148		http://craigslist.org
23.94.79.86		http://localhost
66.249.64.77		http://microsoft.com
82.75.109.85		http://facebook.com
217.160.83.168		http://PayPal.com
66.249.78.218		http://youradexchange.com
217.160.82.168		http://onetwotrip.com
66.249.64.102		http://onetwotrip.com
82.75.109.85		http://tumblr.com
217.160.80.2		http://tmall.com
193.10.10.10		http://taobao.com
201.49.220.38		http://onetwotrip.com
66.249.64.73		http://baidu.com
180.76.5.147		http://dailymotion.com
180.76.5.171		http://twitter.com
211.36.159.183		http://360.cn
201.49.220.38		http://sohu.com
101.226.33.237		http://163.com
127.0.0.1		http://apple.com
207.46.13.97		http://yandex.ru
217.160.80.2		http://apple.com
180.76.5.171		http://shmoogle.com
141.8.224.239		http://apple.com
220.181.108.104		http://tumblr.com
66.249.64.77		http://blogger.com
217.160.82.2		http://faceboook.com
123.125.71.116		http://google.ca
123.125.71.116		http://twitter.com
123.125.71.60		http://google.com.br
122.4.64.144		http://google.de
82.75.109.85		http://faceboook.com
216.185.39.104		http://sina.com.cn
141.8.224.239		http://kickass.so
66.249.64.77		http://xinhuanet.com
180.76.5.147		http://google.es
201.147.132.57		http://go.com
216.185.39.104		http://yandex.ru
201.147.132.57		http://yandex.ru
193.20.10.10		http://youtube.com
211.36.159.183		http://faceboook.com
12.233.108.228		http://bestbuy.com
192.20.10.10		http://yahoo.co.jp
12.233.108.228		http://ebay.com
66.249.78.218		http://ask.com
90.236.49.48		http://google.fr
127.0.0.1		http://google.it
217.160.80.173		http://adobe.com
127.0.0.1		http://walmart.com
193.20.10.10		http://gmw.cn
127.0.0.1		http://fc2.com
141.8.224.239		http://127.0.0.1
180.76.5.148		http://walmart.com
90.236.49.48		http://xnxx.com
23.94.79.86		http://Akamaihd.net
217.160.80.2		http://youradexchange.com
217.160.83.2		http://twitter.com
216.185.39.104		http://google.fr
193.10.10.10		http://xhamster.com
112.19.229.23		http://360.cn
151.250.164.109		http://instagram.com
108.59.82.144		http://googleusercontent.com
201.49.220.38		http://fc2.com
217.160.82.2		http://onetwotrip.com
66.249.64.117		http://microsoft.com
216.185.39.104		http://alipay.com
193.10.10.10		http://qq.com
180.76.5.171		http://xvideos.com
60.190.218.161		http://google.com.au
192.10.10.10		http://ebay.com
217.160.81.2		http://faceboook.com
66.249.78.218		http://facebook.com
66.249.64.69		http://google.fr
217.160.82.168		http://Onclickads.net
66.249.64.102		http://adobe.com
66.249.78.205		http://soso.com
66.249.64.120		http://Akamaihd.net
112.19.229.23		http://dropbox.com
180.76.5.147		http://163.com
216.185.39.104		http://netflix.com
201.147.132.57		http://live.com
180.76.5.171		http://127.0.0.1
123.125.71.60		http://127.0.0.1
216.185.39.104		http://dailymotion.com
66.249.64.94		http://netflix.com
66.249.64.43		http://flipkart.com
216.185.39.104		http://alipay.com
212.231.30.138		http://127.0.0.1
112.19.229.23		http://vk.com
141.8.224.239		http://bing.com
66.249.64.121		http://go.com
23.94.79.86		http://soso.com
66.249.64.73		http://ask.com
180.76.5.145		http://soso.com
217.160.81.2		http://walmart.com
66.249.64.98		http://aviasales.ru
90.236.49.48		http://rakuten.co.jp
82.75.109.85		http://bbc.co.uk
66.249.78.218		http://alipay.com
66.249.64.113		http://google.co.uk
201.49.220.38		http://taobao.com
66.249.64.25		http://127.0.0.1
66.249.78.205		http://localhost
127.0.0.1		http://aviasales.ru
82.75.109.85		http://onetwotrip.com
66.249.64.43		http://wikipedia.org
122.4.64.144		http://ebay.com
217.160.83.2		http://microsoft.com
101.226.33.237		http://adobe.com
122.4.64.144		http://vk.com
180.76.5.147		http://aviasales.ru
193.20.10.10		http://onetwotrip.com
180.76.5.145		http://linkedin.com
23.94.79.86		http://127.0.0.1
66.249.78.205		http://flipkart.com
217.160.82.2		http://google.com.hk
217.160.80.173		http://reddit.com
66.249.64.69		http://google.co.in
180.76.5.148		http://ebay.com
66.249.64.77		http://wikipedia.org
180.76.5.147		http://microsoft.com
66.249.64.94		http://google.de
127.0.0.1		http://127.0.0.1
216.185.39.104		http://localhost
180.76.5.145		http://alibaba.com
217.160.81.173		http://wikipedia.org
180.76.5.171		http://pornhub.com
66.249.64.117		http://imdb.com
180.76.5.147		http://sina.com.cn
217.160.83.168		http://taobao.com
66.249.64.113		http://xvideos.com
207.46.13.137		http://shmoogle.com
66.249.64.69		http://aviasales.ru
66.249.64.77		http://live.com
90.236.49.48		http://msn.com
43.225.149.49		http://onetwotrip.com
90.236.49.48		http://Buzzfeed.com
123.125.71.60		http://bing.com
141.8.224.239		http://yahoo.co.jp
217.160.81.173		http://onetwotrip.com
217.160.82.2		http://sohu.com
180.76.5.145		http://live.com
94.243.220.76		http://google.es
207.46.13.97		http://google.pl
217.160.82.2		http://Naver.com
141.8.224.239		http://dropbox.com
66.249.64.94		http://faceboook.com
60.190.218.161		http://vk.com
217.160.81.2		http://apple.com
66.249.64.69		http://localhost
12.233.108.228		http://alibaba.com
127.0.0.1		http://google.co.uk
60.190.218.161		http://vk.com
12.233.108.228		http://adcash.com
94.243.220.76		http://faceboook.com
127.0.0.1		http://linkedin.com
217.160.81.173		http://google.com
207.46.13.97		http://linkedin.com
180.76.5.147		http://wordpress.com
90.236.49.48		http://cnn.com
66.249.78.198		http://yandex.ru
23.94.79.86		http://Buzzfeed.com
82.75.109.85		http://google.com.mx
193.10.10.10		http://bbc.co.uk
217.160.81.173		http://google.it
207.46.13.97		http://shmoogle.com
127.0.0.1		http://shmoogle.com
66.249.64.69		http://wikipedia.org
66.249.78.198		http://qq.com
180.76.5.171		http://Googleadservices.com
193.20.10.10		http://dailymotion.com
66.249.64.121		http://darknet.info
66.249.64.117		http://google.co.jp
12.233.108.228		http://imdb.com
192.10.10.10		http://aliexpress.com
66.249.64.117		http://tmall.com
123.125.71.60		http://google.ru
60.190.218.161		http://google.com
151.250.164.109		http://amazon.com
122.4.64.144		http://google.com.br
151.250.164.109		http://google.com.mx
101.226.33.237		http://360.cn
66.249.64.117		http://Googleadservices.com
43.225.149.49		http://youradexchange.com
207.46.13.137		http://127.0.0.1
180.76.5.171		http://dailymotion.com
90.236.49.48		http://faceboook.com
180.76.5.171		http://rakuten.co.jp
141.8.224.239		http://vk.com
23.94.79.86		http://360.cn
180.76.5.145		http://linkedin.com
207.46.13.97		http://microsoft.com
207.46.13.97		http://gmw.cn
192.20.10.10		http://google.ca
217.160.81.173		http://Googleadservices.com
66.249.78.218		http://gmw.cn
66.249.64.94		http://youtube.com
193.10.10.10		http://pinterest.com
66.249.78.198		http://stackoverflow.com
180.76.5.148		http://xnxx.com
216.185.39.104		http://linkedin.com
180.76.5.148		http://aliexpress.com
127.0.0.1		http://shmoogle.com
90.236.49.48		http://cnn.com
82.75.109.85		http://aviasales.ru
90.236.49.48		http://aviasales.ru
216.185.39.104		http://mail.ru
217.160.82.168		http://faceboook.com
217.160.83.2		http://googleusercontent.com
207.46.13.51		http://google.co.jp
201.49.220.38		http://huffingtonpost.com
217.160.81.2		http://Googleadservices.com
43.225.149.49		http://localhost
217.160.82.2		http://google.com.br
193.20.10.10		http://huffingtonpost.com
217.160.80.2		http://Cntv.cn
66.249.64.25		http://huffingtonpost.com
66.249.64.69		http://google.com
112.19.229.23		http://gmw.cn
207.46.13.137		http://yahoo.com
211.36.159.183		http://blogspot.com
66.249.64.77		http://bbc.co.uk
141.8.224.239		http://onetwotrip.com
66.249.64.121		http://aviasales.ru
101.226.33.237		http://google.de
192.10.10.10		http://adobe.com
217.160.82.168		http://go.com
112.19.229.23		http://alipay.com
207.46.13.137		http://pornhub.com
201.147.132.57		http://xnxx.com
66.249.64.98		http://go.com
66.249.64.77		http://linkedin.com
193.10.10.10		http://yahoo.co.jp
211.36.159.183		http://instagram.com
217.160.81.173		http://darknet.info
193.20.10.10		http://reddit.com
66.249.64.120		http://tmall.com
127.0.0.1		http://walmart.com
123.125.71.116		http://t.co
122.4.64.144		http://odnoklassniki.ru
192.10.10.10		http://pornhub.com
212.231.30.138		http://aliexpress.com
180.76.5.145		http://pornhub.com
201.147.132.57		http://adcash.com
217.160.81.173		http://yandex.ru
217.160.80.2		http://craigslist.org
217.160.83.168		http://wordpress.com
66.249.64.77		http://mail.ru
217.160.83.2		http://youtube.com
211.36.159.183		http://microsoft.com
66.249.64.94		http://darknet.info
66.249.64.117		http://360.cn
180.76.5.147		http://soso.com
123.125.71.116		http://Akamaihd.net
108.59.82.144		http://163.com
217.160.80.2		http://rakuten.co.jp
12.233.108.228		http://163.com
66.249.64.77		http://adcash.com
141.8.224.239		http://aviasales.ru
201.49.220.38		http://mail.ru
217.160.80.173		http://google.ca
180.76.5.148		http://163.com
141.8.224.239		http://instagram.com
66.249.64.43		http://bing.com
217.160.82.2		http://reddit.com
66.249.64.113		http://blogspot.com
112.19.229.23		http://qq.com
201.147.132.57		http://youradexchange.com
123.125.71.116		http://bestbuy.com
201.147.132.57		http://google.co.in
66.249.64.69		http://darknet.info
151.250.164.109		http://360.cn
192.10.10.10		http://wikipedia.org
66.249.64.43		http://blogspot.com
43.225.149.49		http://aviasales.ru
66.249.64.69		http://flipkart.com
60.190.218.161		http://google.pl
212.231.30.138		http://alibaba.com
12.233.108.228		http://adobe.com
207.46.13.137		http://walmart.com
180.76.5.171		http://alipay.com
201.49.220.38		http://aviasales.ru
207.46.13.137		http://huffingtonpost.com
217.160.80.2		http://ebay.com
12.233.108.228		http://go.com
212.231.30.138		http://faceboook.com
101.226.33.237		http://flipkart.com
66.249.78.198		http://imdb.com
141.8.224.239		http://google.co.jp
201.147.132.57		http://Buzzfeed.com
217.160.81.173		http://microsoft.com
66.249.64.121		http://twitter.com
66.249.64.113		http://Naver.com
94.243.220.76		http://360.cn
66.249.64.25		http://alibaba.com
82.75.109.85		http://xvideos.com
82.75.109.85		http://shmoogle.com
108.59.82.144		http://google.es
217.160.80.173		http://google.co.in
193.20.10.10		http://msn.com
217.160.83.2		http://127.0.0.1
101.226.33.237		http://127.0.0.1
220.181.108.104		http://bbc.co.uk
66.249.64.113		http://google.ca
201.147.132.57		http://127.0.0.1
66.249.64.35		http://faceboook.com
66.249.64.113		http://yahoo.com
66.249.64.73		http://aviasales.ru
207.46.13.97		http://xnxx.com
127.0.0.1		http://aliexpress.com
207.46.13.97		http://wikipedia.org
201.147.132.57		http://bing.com
66.249.64.94		http://yandex.ru
66.249.64.35		http://google.ca
12.233.108.228		http://localhost
220.181.108.104		http://pornhub.com
101.226.33.237		http://xinhuanet.com
201.49.220.38		http://PayPal.com
217.160.82.168		http://google.com
66.249.64.69		http://google.com.br
66.249.64.43		http://bbc.co.uk
212.231.30.138		http://aviasales.ru
90.236.49.48		http://google.com.br
180.76.5.148		http://odnoklassniki.ru
66.249.64.35		http://dailymotion.com
141.8.224.239		http://google.it
43.225.149.49		http://youradexchange.com
123.125.71.116		http://amazon.com
101.226.33.237		http://PayPal.com
66.249.64.117		http://aviasales.ru
123.125.71.60		http://blogger.com
112.19.229.23		http://espn.go.com
66.249.64.25		http://google.de
217.160.80.2		http://127.0.0.1
192.10.10.10		http://xhamster.com
217.160.83.168		http://taobao.com
217.160.81.173		http://yahoo.com
94.243.220.76		http://vk.com
66.249.64.77		http://imgur.com
66.249.64.113		http://qq.com
217.160.80.173		http://alibaba.com
12.233.108.228		http://mail.ru
217.160.80.173		http://onetwotrip.com
217.160.83.2		http://google.com.mx
66.249.78.205		http://live.com
180.76.5.171		http://mail.ru
90.236.49.48		http://google.com.br
82.75.109.85		http://stackoverflow.com
180.76.5.145		http://imdb.com
192.10.10.10		http://qq.com
141.8.224.239		http://google.com.au
66.249.78.218		http://Onclickads.net
193.20.10.10		http://faceboook.com
193.10.10.10		http://google.com.au
66.249.64.77		http://darknet.info
180.76.5.148		http://xhamster.com
66.249.78.198		http://amazon.com
123.125.71.116		http://ebay.com
217.160.80.2		http://ebay.com
201.49.220.38		http://live.com
180.76.5.171		http://youku.com
66.249.64.94		http://aliexpress.com
66.249.78.205		http://youradexchange.com
201.49.220.38		http://aliexpress.com
66.249.78.198		http://googleusercontent.com
66.249.64.121		http://reddit.com
201.49.220.38		http://Naver.com
180.76.5.147		http://darknet.info
193.20.10.10		http://tumblr.com
66.249.78.218		http://taobao.com
122.4.64.144		http://google.de
12.233.108.228		http://bestbuy.com
180.76.5.147		http://netflix.com
66.249.64.117		http://aliexpress.com
180.76.5.148		http://onetwotrip.com
66.249.64.120		http://wordpress.com
127.0.0.1		http://localhost
60.190.218.161		http://hao123.com
212.231.30.138		http://tumblr.com
101.226.33.237		http://amazon.com
217.160.83.2		http://127.0.0.1
193.20.10.10		http://twitter.com
193.10.10.10		http://google.co.in
122.4.64.144		http://163.com
82.75.109.85		http://darknet.info
66.249.64.121		http://PayPal.com
66.249.64.120		http://Onclickads.net
94.243.220.76		http://adobe.com
217.160.83.168		http://PayPal.com
66.249.64.120		http://alibaba.com
207.46.13.97		http://adcash.com
66.249.64.73		http://qq.com
66.249.64.25		http://google.pl
217.160.80.173		http://google.com
217.160.83.2		http://bbc.co.uk
66.249.64.94		http://google.com.br
217.160.80.2		http://google.com.au
101.226.33.237		http://google.ca
43.225.149.49		http://faceboook.com
66.249.64.43		http://adobe.com
12.233.108.228		http://localhost
217.160.81.173		http://shmoogle.com
60.190.218.161		http://ask.com
217.160.82.2		http://alipay.com
151.250.164.109		http://baidu.com
217.160.81.2		http://go.com
66.249.78.198		http://pinterest.com
193.20.10.10		http://adobe.com
180.76.5.148		http://google.it
43.225.149.49		http://shmoogle.com
217.160.80.2		http://google.de
207.46.13.97		http://pinterest.com
207.46.13.137		http://reddit.com
12.233.108.228		http://wordpress.com
66.249.64.25		http://sohu.com
217.160.82.168		http://flipkart.com
192.20.10.10		http://tumblr.com
217.160.81.2		http://yahoo.co.jp
122.4.64.144		http://twitter.com
112.19.229.23		http://bestbuy.com
207.46.13.51		http://aliexpress.com
201.147.132.57		http://fc2.com
192.20.10.10		http://aviasales.ru
90.236.49.48		http://faceboook.com
112.19.229.23		http://sohu.com
193.20.10.10		http://google.co.in
66.249.64.102		http://google.ca
66.249.64.77		http://people.com.cn
66.249.78.198		http://rakuten.co.jp
193.10.10.10		http://Cntv.cn
123.125.71.116		http://mail.ru
66.249.78.218		http://people.com.cn
122.4.64.144		http://hao123.com
180.76.5.145		http://faceboook.com
192.10.10.10		http://blogger.com
66.249.78.198		http://sohu.com
66.249.64.43		http://live.com
217.160.81.2		http://taobao.com
192.20.10.10		http://live.com
66.249.64.43		http://faceboook.com
94.243.220.76		http://googleusercontent.com
43.225.149.49		http://faceboook.com
141.8.224.239		http://google.ru
122.4.64.144		http://localhost
23.94.79.86		http://odnoklassniki.ru
217.160.83.168		http://google.co.uk
122.4.64.144		http://google.ru
101.226.33.237		http://t.co
112.19.229.23		http://t.co
66.249.64.113		http://soso.com
127.0.0.1		http://netflix.com
180.76.5.147		http://onetwotrip.com
122.4.64.144		http://faceboook.com
180.76.5.145		http://bbc.co.uk
43.225.149.49		http://xvideos.com
180.76.5.145		http://tmall.com
108.59.82.144		http://netflix.com
101.226.33.237		http://baidu.com
180.76.5.148		http://google.ru
66.249.64.102		http://faceboook.com
94.243.220.76		http://Naver.com
211.36.159.183		http://imdb.com
216.185.39.104		http://127.0.0.1
127.0.0.1		http://bing.com
211.36.159.183		http://amazon.com
123.125.71.116		http://faceboook.com
66.249.64.98		http://darknet.info
216.185.39.104		http://Googleadservices.com
193.20.10.10		http://microsoft.com
60.190.218.161		http://tmall.com
141.8.224.239		http://Buzzfeed.com
66.249.64.113		http://google.de
151.250.164.109		http://google.co.jp
217.160.83.2		http://google.com.au
66.249.78.198		http://google.com.au
193.10.10.10		http://aliexpress.com
123.125.71.116		http://imdb.com
217.160.82.2		http://Onclickads.net
12.233.108.228		http://vk.com
217.160.82.2		http://reddit.com
180.76.5.171		http://Onclickads.net
66.249.64.69		http://imgur.com
66.249.64.117		http://shmoogle.com
217.160.81.2		http://google.ca
217.160.81.173		http://rakuten.co.jp
60.190.218.161		http://walmart.com
66.249.64.43		http://tumblr.com
217.160.82.168		http://tumblr.com
66.249.64.77		http://xhamster.com
122.4.64.144		http://blogger.com
66.249.78.198		http://stackoverflow.com
60.190.218.161		http://Googleadservices.com
180.76.5.148		http://gmw.cn
180.76.5.171		http://google.pl
217.160.82.2		http://craigslist.org
201.49.220.38		http://Akamaihd.net
90.236.49.48		http://instagram.com
108.59.82.144		http://vk.com
66.249.64.117		http://ebay.com
216.185.39.104		http://espn.go.com
201.49.220.38		http://darknet.info
66.249.64.120		http://sina.com.cn
193.20.10.10		http://google.com.tr
193.10.10.10		http://darknet.info
12.233.108.228		http://darknet.info
217.160.80.173		http://sina.com.cn
66.249.64.43		http://google.pl
151.250.164.109		http://onetwotrip.com
180.76.5.145		http://google.com.au
66.249.78.205		http://xinhuanet.com
66.249.64.94		http://adcash.com
66.249.64.73		http://gmw.cn
180.76.5.148		http://alibaba.com
180.76.5.147		http://google.co.uk
192.10.10.10		http://aliexpress.com
23.94.79.86		http://google.com.br
217.160.83.2		http://imdb.com
94.243.220.76		http://PayPal.com
207.46.13.51		http://amazon.com
101.226.33.237		http://localhost
66.249.64.43		http://msn.com
217.160.80.173		http://aviasales.ru
66.249.64.121		http://onetwotrip.com
193.10.10.10		http://yahoo.com
66.249.64.117		http://qq.com
220.181.108.104		http://Googleadservices.com
141.8.224.239		http://alipay.com
66.249.64.120		http://youradexchange.com
192.10.10.10		http://localhost
66.249.78.198		http://rakuten.co.jp
180.76.5.171		http://linkedin.com
112.19.229.23		http://Naver.com
201.147.132.57		http://ebay.com
66.249.64.113		http://mail.ru
217.160.83.168		http://espn.go.com
193.10.10.10		http://people.com.cn
207.46.13.97		http://twitter.com
66.249.78.218		http://sina.com.cn
217.160.80.2		http://imdb.com
151.250.164.109		http://aviasales.ru
66.249.64.113		http://kickass.so
180.76.5.148		http://aliexpress.com
66.249.78.218		http://espn.go.com
101.226.33.237		http://google.com.au
66.249.64.113		http://hao123.com
127.0.0.1		http://netflix.com
192.10.10.10		http://google.co.in
66.249.64.113		http://tumblr.com
66.249.64.43		http://pinterest.com
193.20.10.10		http://fc2.com
201.147.132.57		http://ebay.com
127.0.0.1		http://darknet.info
66.249.64.73		http://sina.com.cn
66.249.78.198		http://google.ru
211.36.159.183		http://cnn.com
193.10.10.10		http://google.de
151.250.164.109		http://dailymotion.com
127.0.0.1		http://imdb.com
193.10.10.10		http://adobe.com
66.249.64.77		http://imdb.com
192.20.10.10		http://google.co.in
193.20.10.10		http://gmw.cn
216.185.39.104		http://alibaba.com
12.233.108.228		http://stackoverflow.com
90.236.49.48		http://fc2.com
217.160.80.2		http://shmoogle.com
66.249.64.98		http://163.com
66.249.78.198		http://bing.com
212.231.30.138		http://google.it
101.226.33.237		http://linkedin.com
192.10.10.10		http://mail.ru
66.249.64.73		http://google.ca
180.76.5.145		http://darknet.info
66.249.78.205		http://twitter.com
66.249.78.198		http://darknet.info
66.249.64.121		http://soso.com
108.59.82.144		http://ask.com
66.249.64.77		http://cnn.com
94.243.220.76		http://live.com
112.19.229.23		http://t.co
112.19.229.23		http://baidu.com
90.236.49.48		http://stackoverflow.com
217.160.81.173		http://google.fr
90.236.49.48		http://sina.com.cn
66.249.64.94		http://gmw.cn
66.249.78.218		http://cnn.com
123.125.71.116		http://blogger.com
66.249.64.120		http://soso.com
211.36.159.183		http://dailymotion.com
192.10.10.10		http://dropbox.com
193.20.10.10		http://yandex.ru
94.243.220.76		http://kickass.so
180.76.5.147		http://t.co
66.249.64.69		http://live.com
43.225.149.49		http://Googleadservices.com
141.8.224.239		http://PayPal.com
220.181.108.104		http://google.com.hk
180.76.5.171		http://google.com
90.236.49.48		http://bbc.co.uk
66.249.64.73		http://youku.com
43.225.149.49		http://dropbox.com
207.46.13.51		http://google.com
207.46.13.51		http://craigslist.org
141.8.224.239		http://cnn.com
12.233.108.228		http://google.com.br
151.250.164.109		http://Buzzfeed.com
207.46.13.137		http://youtube.com
66.249.78.198		http://ask.com
217.160.80.2		http://dailymotion.com
127.0.0.1		http://blogspot.com
192.10.10.10		http://alibaba.com
193.10.10.10		http://xvideos.com
192.20.10.10		http://google.com
212.231.30.138		http://shmoogle.com
207.46.13.51		http://go.com
66.249.64.94		http://dailymotion.com
66.249.64.121		http://google.de
66.249.78.218		http://ebay.com
23.94.79.86		http://google.fr
193.20.10.10		http://cnn.com
66.249.64.77		http://yahoo.com
217.160.80.2		http://aliexpress.com
141.8.224.239		http://faceboook.com
212.231.30.138		http://adobe.com
201.147.132.57		http://qq.com
12.233.108.228		http://Naver.com
193.10.10.10		http://yandex.ru
220.181.108.104		http://kickass.so
141.8.224.239		http://flipkart.com
101.226.33.237		http://google.it
66.249.64.120		http://soso.com
23.94.79.86		http://faceboook.com
66.249.64.77		http://google.pl
66.249.64.121		http://google.com.br
123.125.71.60		http://fc2.com
43.225.149.49		http://pinterest.com
217.160.80.2		http://taobao.com
82.75.109.85		http://baidu.com
217.160.80.173		http://alipay.com
66.249.78.218		http://youku.com
66.249.64.113		http://ebay.com
82.75.109.85		http://shmoogle.com
141.8.224.239		http://walmart.com
217.160.83.168		http://blogger.com
66.249.64.25		http://msn.com
193.20.10.10		http://aliexpress.com
43.225.149.49		http://google.fr
66.249.64.117		http://darknet.info
66.249.64.25		http://google.com
66.249.64.102		http://kickass.so
217.160.83.2		http://darknet.info
217.160.82.168		http://live.com
216.185.39.104		http://go.com
193.10.10.10		http://bing.com
217.160.81.173		http://alibaba.com
192.10.10.10		http://reddit.com
192.10.10.10		http://Buzzfeed.com
220.181.108.104		http://rakuten.co.jp
220.181.108.104		http://google.com.tr
192.10.10.10		http://imdb.com
217.160.81.2		http://youku.com
66.249.64.43		http://google.com.au
217.160.82.2		http://shmoogle.com
82.75.109.85		http://go.com
217.160.81.173		http://adobe.com
123.125.71.60		http://live.com
66.249.78.218		http://google.com.hk
66.249.64.77		http://google.co.in
217.160.82.168		http://fc2.com
217.160.80.173		http://163.com
90.236.49.48		http://yandex.ru
66.249.64.25		http://127.0.0.1
66.249.64.77		http://t.co
192.10.10.10		http://blogspot.com
123.125.71.60		http://twitter.com
127.0.0.1		http://youtube.com
212.231.30.138		http://soso.com
217.160.81.173		http://Naver.com
180.76.5.147		http://rakuten.co.jp
66.249.64.77		http://huffingtonpost.com
180.76.5.171		http://flipkart.com
192.10.10.10		http://live.com
101.226.33.237		http://reddit.com
112.19.229.23		http://soso.com
192.20.10.10		http://tumblr.com
23.94.79.86		http://darknet.info
66.249.64.94		http://faceboook.com
180.76.5.147		http://blogspot.com
66.249.64.117		http://google.co.in
66.249.64.98		http://google.it
123.125.71.116		http://rakuten.co.jp
151.250.164.109		http://tmall.com
217.160.83.2		http://flipkart.com
201.147.132.57		http://twitter.com
180.76.5.145		http://localhost
66.249.64.25		http://espn.go.com
192.20.10.10		http://tmall.com
141.8.224.239		http://googleusercontent.com
201.147.132.57		http://craigslist.org
101.226.33.237		http://google.fr
66.249.64.43		http://google.com
180.76.5.148		http://blogspot.com
127.0.0.1		http://blogspot.com
82.75.109.85		http://localhost
180.76.5.171		http://google.ru
66.249.64.120		http://wikipedia.org
207.46.13.51		http://rakuten.co.jp
123.125.71.60		http://bing.com
207.46.13.137		http://hao123.com
66.249.64.69		http://blogspot.com
66.249.64.113		http://weibo.com
207.46.13.97		http://xinhuanet.com
112.19.229.23		http://cnn.com
193.20.10.10		http://tumblr.com
101.226.33.237		http://walmart.com
180.76.5.171		http://tumblr.com
192.20.10.10		http://qq.com
66.249.64.25		http://msn.com
180.76.5.171		http://ask.com
101.226.33.237		http://onetwotrip.com
217.160.80.173		http://google.com.tr
192.10.10.10		http://Naver.com
66.249.64.69		http://google.ca
151.250.164.109		http://darknet.info
123.125.71.60		http://espn.go.com
201.49.220.38		http://google.pl
94.243.220.76		http://bestbuy.com
66.249.64.25		http://dailymotion.com
66.249.64.120		http://apple.com
217.160.80.2		http://google.pl
60.190.218.161		http://taobao.com
66.249.64.25		http://youradexchange.com
217.160.82.2		http://darknet.info
141.8.224.239		http://localhost
66.249.64.77		http://aviasales.ru
94.243.220.76		http://darknet.info
207.46.13.137		http://adobe.com
201.49.220.38		http://google.de
127.0.0.1		http://bbc.co.uk
201.147.132.57		http://instagram.com
60.190.218.161		http://dailymotion.com
66.249.78.218		http://linkedin.com
207.46.13.51		http://127.0.0.1
12.233.108.228		http://live.com
66.249.64.120		http://Naver.com
66.249.64.43		http://yandex.ru
180.76.5.171		http://Akamaihd.net
180.76.5.145		http://baidu.com
123.125.71.60		http://Naver.com
193.10.10.10		http://aviasales.ru
201.49.220.38		http://dropbox.com
180.76.5.147		http://kickass.so
101.226.33.237		http://google.it
201.49.220.38		http://faceboook.com
180.76.5.148		http://pornhub.com
66.249.64.113		http://localhost
123.125.71.60		http://gmw.cn
66.249.64.69		http://localhost
192.10.10.10		http://t.co
217.160.81.2		http://yandex.ru
180.76.5.148		http://youtube.com
66.249.64.98		http://bing.com
207.46.13.97		http://faceboook.com
217.160.80.173		http://youtube.com
217.160.80.2		http://kickass.so
207.46.13.97		http://facebook.com
66.249.64.94		http://apple.com
66.249.64.35		http://adcash.com
180.76.5.147		http://xnxx.com
180.76.5.145		http://xinhuanet.com
180.76.5.147		http://Googleadservices.com
207.46.13.97		http://tmall.com
43.225.149.49		http://ebay.com
122.4.64.144		http://craigslist.org
192.10.10.10		http://localhost
66.249.64.43		http://youku.com
66.249.64.35		http://google.com.hk
127.0.0.1		http://bing.com
66.249.78.198		http://alibaba.com
82.75.109.85		http://Buzzfeed.com
151.250.164.109		http://googleusercontent.com
207.46.13.97		http://google.com
122.4.64.144		http://pinterest.com
66.249.64.94		http://google.de
201.147.132.57		http://twitter.com
66.249.64.25		http://google.com.br
193.20.10.10		http://kickass.so
216.185.39.104		http://people.com.cn
123.125.71.60		http://xvideos.com
112.19.229.23		http://yahoo.com
180.76.5.148		http://gmw.cn
66.249.64.98		http://youtube.com
216.185.39.104		http://onetwotrip.com
66.249.64.102		http://weibo.com
66.249.64.98		http://shmoogle.com
66.249.78.198		http://shmoogle.com
90.236.49.48		http://youradexchange.com
193.20.10.10		http://taobao.com
192.10.10.10		http://gmw.cn
180.76.5.147		http://googleusercontent.com
192.20.10.10		http://blogspot.com
207.46.13.137		http://alibaba.com
66.249.78.205		http://xhamster.com
66.249.64.120		http://ebay.com
141.8.224.239		http://tumblr.com
207.46.13.51		http://vk.com
217.160.83.2		http://tmall.com
108.59.82.144		http://espn.go.com
123.125.71.116		http://netflix.com
66.249.64.73		http://ebay.com
151.250.164.109		http://twitter.com
66.249.64.35		http://shmoogle.com
207.46.13.137		http://flipkart.com
192.20.10.10		http://youtube.com
141.8.224.239		http://rakuten.co.jp
217.160.80.173		http://PayPal.com
66.249.78.198		http://youku.com
207.46.13.97		http://google.com.hk
94.243.220.76		http://t.co
43.225.149.49		http://127.0.0.1
180.76.5.148		http://xhamster.com
123.125.71.116		http://localhost
66.249.64.98		http://google.es
66.249.64.94		http://blogger.com
180.76.5.145		http://facebook.com
193.20.10.10		http://walmart.com
66.249.64.121		http://xvideos.com
112.19.229.23		http://apple.com
66.249.64.73		http://facebook.com
207.46.13.51		http://xinhuanet.com
217.160.81.2		http://sina.com.cn
66.249.64.25		http://xhamster.com
207.46.13.137		http://google.de
180.76.5.145		http://Cntv.cn
180.76.5.147		http://t.co
212.231.30.138		http://tumblr.com
193.10.10.10		http://yahoo.co.jp
180.76.5.171		http://dailymotion.com
66.249.64.43		http://linkedin.com
212.231.30.138		http://imgur.com
207.46.13.97		http://pinterest.com
66.249.64.113		http://darknet.info
66.249.78.218		http://huffingtonpost.com
66.249.64.35		http://aviasales.ru
212.231.30.138		http://wikipedia.org
216.185.39.104		http://google.it
207.46.13.97		http://onetwotrip.com
212.231.30.138		http://huffingtonpost.com
108.59.82.144		http://tmall.com
66.249.64.102		http://faceboook.com
82.75.109.85		http://aviasales.ru
12.233.108.228		http://amazon.com
180.76.5.148		http://aviasales.ru
217.160.83.168		http://taobao.com
220.181.108.104		http://reddit.com
216.185.39.104		http://weibo.com
82.75.109.85		http://alipay.com
217.160.81.173		http://youku.com
66.249.64.120		http://go.com
122.4.64.144		http://soso.com
94.243.220.76		http://faceboook.com
201.49.220.38		http://google.com.au
180.76.5.145		http://onetwotrip.com
23.94.79.86		http://yahoo.com
180.76.5.148		http://163.com
207.46.13.137		http://xvideos.com
90.236.49.48		http://Buzzfeed.com
180.76.5.147		http://weibo.com
220.181.108.104		http://aviasales.ru
66.249.64.69		http://microsoft.com
217.160.81.2		http://127.0.0.1
94.243.220.76		http://vk.com
207.46.13.97		http://onetwotrip.com
217.160.80.2		http://googleusercontent.com
66.249.64.113		http://faceboook.com
66.249.64.69		http://flipkart.com
43.225.149.49		http://pinterest.com
66.249.64.94		http://shmoogle.com
212.231.30.138		http://google.pl
180.76.5.171		http://google.com.hk
66.249.64.77		http://apple.com
66.249.64.77		http://linkedin.com
217.160.81.2		http://faceboook.com
216.185.39.104		http://microsoft.com
112.19.229.23		http://linkedin.com
66.249.64.98		http://bestbuy.com
112.19.229.23		http://faceboook.com
201.147.132.57		http://craigslist.org
66.249.64.77		http://craigslist.org
217.160.81.173		http://aviasales.ru
211.36.159.183		http://odnoklassniki.ru
201.147.132.57		http://youtube.com
66.249.64.98		http://live.com
90.236.49.48		http://faceboook.com
66.249.78.198		http://soso.com
66.249.64.117		http://shmoogle.com
66.249.64.73		http://google.co.jp
192.20.10.10		http://Onclickads.net
207.46.13.97		http://amazon.com
193.10.10.10		http://aviasales.ru
82.75.109.85		http://faceboook.com
207.46.13.51		http://flipkart.com
66.249.64.117		http://go.com
66.249.64.117		http://baidu.com
66.249.78.218		http://yahoo.co.jp
217.160.83.168		http://flipkart.com
60.190.218.161		http://espn.go.com
112.19.229.23		http://imdb.com
66.249.64.102		http://huffingtonpost.com
217.160.80.2		http://go.com
66.249.64.25		http://localhost
127.0.0.1		http://163.com
207.46.13.51		http://google.com.tr
180.76.5.145		http://aliexpress.com
220.181.108.104		http://127.0.0.1
211.36.159.183		http://imgur.com
60.190.218.161		http://google.com
212.231.30.138		http://kickass.so
23.94.79.86		http://shmoogle.com
108.59.82.144		http://pornhub.com
192.10.10.10		http://163.com
207.46.13.51		http://PayPal.com
66.249.64.77		http://google.co.jp
66.249.78.218		http://weibo.com
217.160.82.2		http://google.co.in
201.49.220.38		http://faceboook.com
66.249.64.73		http://adobe.com
217.160.81.2		http://alipay.com
207.46.13.97		http://people.com.cn
66.249.78.205		http://shmoogle.com
217.160.80.2		http://go.com
66.249.64.69		http://google.ca
127.0.0.1		http://360.cn
60.190.218.161		http://Googleadservices.com
66.249.64.121		http://fc2.com
193.20.10.10		http://taobao.com
180.76.5.147		http://vk.com
123.125.71.60		http://instagram.com
193.20.10.10		http://bbc.co.uk
220.181.108.104		http://facebook.com
216.185.39.104		http://aviasales.ru
94.243.220.76		http://ebay.com
151.250.164.109		http://reddit.com
43.225.149.49		http://alibaba.com
66.249.78.205		http://Onclickads.net
43.225.149.49		http://microsoft.com
180.76.5.145		http://Cntv.cn
192.20.10.10		http://shmoogle.com
207.46.13.137		http://onetwotrip.com
193.10.10.10		http://google.it
217.160.82.2		http://alipay.com
12.233.108.228		http://youradexchange.com
90.236.49.48		http://espn.go.com
193.10.10.10		http://blogger.com
123.125.71.60		http://dailymotion.com
217.160.82.2		http://faceboook.com
112.19.229.23		http://google.com.br
217.160.82.168		http://Buzzfeed.com
66.249.64.73		http://xinhuanet.com
193.10.10.10		http://tumblr.com
66.249.64.120		http://stackoverflow.com
123.125.71.116		http://360.cn
66.249.64.102		http://espn.go.com
66.249.64.25		http://onetwotrip.com
217.160.83.168		http://pornhub.com
201.147.132.57		http://onetwotrip.com
94.243.220.76		http://cnn.com
180.76.5.145		http://reddit.com
217.160.80.2		http://aviasales.ru
217.160.81.2		http://huffingtonpost.com
66.249.64.117		http://googleusercontent.com
192.10.10.10		http://faceboook.com
66.249.64.69		http://googleusercontent.com
201.147.132.57		http://live.com
66.249.64.98		http://tmall.com
123.125.71.60		http://wikipedia.org
66.249.64.94		http://yahoo.co.jp
112.19.229.23		http://sohu.com
66.249.64.121		http://aviasales.ru
180.76.5.145		http://bestbuy.com
180.76.5.148		http://imgur.com
207.46.13.137		http://adobe.com
66.249.64.94		http://taobao.com
82.75.109.85		http://ebay.com
66.249.78.218		http://google.co.uk
180.76.5.171		http://127.0.0.1
66.249.64.94		http://aviasales.ru
123.125.71.116		http://google.fr
66.249.64.43		http://bing.com
217.160.80.173		http://tmall.com
192.10.10.10		http://adcash.com
112.19.229.23		http://google.it
207.46.13.51		http://google.co.in
180.76.5.171		http://xvideos.com
201.49.220.38		http://blogger.com
192.20.10.10		http://walmart.com
207.46.13.97		http://localhost
217.160.80.2		http://onetwotrip.com
66.249.64.102		http://baidu.com
192.20.10.10		http://adcash.com
66.249.78.198		http://aliexpress.com
66.249.78.218		http://dailymotion.com
66.249.64.102		http://Onclickads.net
23.94.79.86		http://weibo.com
201.49.220.38		http://fc2.com
212.231.30.138		http://twitter.com
212.231.30.138		http://vk.com
12.233.108.228		http://bing.com
66.249.64.117		http://taobao.com
180.76.5.148		http://wordpress.com
127.0.0.1		http://google.fr
66.249.64.69		http://dailymotion.com
43.225.149.49		http://google.com.au
207.46.13.51		http://aliexpress.com
217.160.81.2		http://google.co.in
193.20.10.10		http://Naver.com
217.160.80.2		http://sina.com.cn
180.76.5.145		http://facebook.com
90.236.49.48		http://pornhub.com
23.94.79.86		http://google.com.br
66.249.64.25		http://amazon.com
12.233.108.228		http://kickass.so
201.49.220.38		http://Buzzfeed.com
217.160.80.2		http://craigslist.org
180.76.5.148		http://faceboook.com
193.10.10.10		http://adobe.com
66.249.64.35		http://alipay.com
122.4.64.144		http://163.com
201.49.220.38		http://youradexchange.com
141.8.224.239		http://instagram.com
193.10.10.10		http://rakuten.co.jp
66.249.64.94		http://wikipedia.org
66.249.78.218		http://youtube.com
180.76.5.148		http://google.ca
207.46.13.137		http://localhost
43.225.149.49		http://dropbox.com
66.249.64.121		http://youradexchange.com
217.160.82.2		http://google.com.mx
201.147.132.57		http://hao123.com
217.160.82.2		http://Onclickads.net
123.125.71.116		http://ebay.com
217.160.81.2		http://youradexchange.com
217.160.82.168		http://127.0.0.1
66.249.64.25		http://127.0.0.1
151.250.164.109		http://google.com.mx
123.125.71.116		http://bbc.co.uk
201.49.220.38		http://localhost
212.231.30.138		http://127.0.0.1
220.181.108.104		http://dailymotion.com
207.46.13.97		http://dropbox.com
66.249.64.121		http://wordpress.com
108.59.82.144		http://shmoogle.com
123.125.71.116		http://apple.com
66.249.64.113		http://yahoo.com
217.160.82.168		http://360.cn
216.185.39.104		http://bing.com
212.231.30.138		http://youradexchange.com
217.160.80.173		http://reddit.com
201.147.132.57		http://darknet.info
66.249.64.35		http://aviasales.ru
66.249.64.35		http://google.com.br
127.0.0.1		http://google.com.tr
217.160.80.173		http://youtube.com
66.249.64.35		http://google.com.hk
201.49.220.38		http://google.es
66.249.64.120		http://google.co.uk
123.125.71.60		http://google.pl
151.250.164.109		http://pornhub.com
66.249.64.113		http://yahoo.com
66.249.64.94		http://tumblr.com
66.249.64.73		http://163.com
12.233.108.228		http://localhost
66.249.64.113		http://google.com.au
217.160.83.2		http://youradexchange.com
101.226.33.237		http://Akamaihd.net
192.20.10.10		http://apple.com
212.231.30.138		http://youradexchange.com
122.4.64.144		http://youku.com
66.249.64.25		http://adobe.com
207.46.13.97		http://google.com.tr
217.160.80.2		http://youradexchange.com
192.10.10.10		http://mail.ru
66.249.64.43		http://dropbox.com
180.76.5.171		http://127.0.0.1
66.249.64.120		http://Cntv.cn
217.160.81.2		http://dropbox.com
217.160.83.168		http://bbc.co.uk
66.249.64.113		http://fc2.com
151.250.164.109		http://ebay.com
66.249.64.43		http://PayPal.com
201.49.220.38		http://google.com.hk
94.243.220.76		http://bing.com
101.226.33.237		http://baidu.com
207.46.13.51		http://gmw.cn
66.249.78.198		http://blogspot.com
66.249.64.121		http://google.co.in
23.94.79.86		http://google.co.jp
66.249.64.43		http://163.com
101.226.33.237		http://odnoklassniki.ru
217.160.83.168		http://Akamaihd.net
101.226.33.237		http://cnn.com
201.49.220.38		http://google.pl
66.249.64.98		http://hao123.com
66.249.64.117		http://amazon.com
192.10.10.10		http://craigslist.org
66.249.64.121		http://pornhub.com
66.249.64.121		http://t.co
66.249.64.35		http://google.co.in
66.249.64.25		http://localhost
207.46.13.51		http://amazon.com
193.10.10.10		http://localhost
141.8.224.239		http://rakuten.co.jp
66.249.64.43		http://Googleadservices.com
207.46.13.97		http://shmoogle.com
192.10.10.10		http://localhost
192.10.10.10		http://xhamster.com
108.59.82.144		http://onetwotrip.com
60.190.218.161		http://flipkart.com
66.249.64.117		http://xvideos.com
180.76.5.148		http://bestbuy.com
66.249.64.121		http://google.co.uk
212.231.30.138		http://shmoogle.com
66.249.78.218		http://pornhub.com
66.249.64.117		http://go.com
201.147.132.57		http://blogspot.com
192.10.10.10		http://PayPal.com
101.226.33.237		http://onetwotrip.com
122.4.64.144		http://yahoo.com
127.0.0.1		http://microsoft.com
217.160.80.173		http://google.com.hk
66.249.64.102		http://google.com.hk
43.225.149.49		http://aviasales.ru
211.36.159.183		http://yandex.ru
220.181.108.104		http://msn.com
23.94.79.86		http://faceboook.com
207.46.13.51		http://fc2.com
66.249.64.25		http://taobao.com
193.10.10.10		http://xnxx.com
66.249.64.94		http://wikipedia.org
201.147.132.57		http://google.com.hk
123.125.71.116		http://apple.com
193.10.10.10		http://bbc.co.uk
23.94.79.86		http://onetwotrip.com
212.231.30.138		http://imdb.com
192.10.10.10		http://Naver.com
66.249.78.205		http://microsoft.com
207.46.13.137		http://google.de
207.46.13.137		http://xinhuanet.com
66.249.64.120		http://dailymotion.com
217.160.83.168		http://google.es
201.49.220.38		http://google.de
66.249.78.198		http://sohu.com
217.160.81.2		http://PayPal.com
127.0.0.1		http://fc2.com
217.160.81.2		http://bestbuy.com
66.249.64.73		http://gmw.cn
66.249.64.113		http://sohu.com
66.249.64.43		http://kickass.so
220.181.108.104		http://google.co.uk
43.225.149.49		http://bestbuy.com
180.76.5.145		http://darknet.info
90.236.49.48		http://aviasales.ru
66.249.64.43		http://yahoo.co.jp
180.76.5.145		http://odnoklassniki.ru
217.160.83.168		http://ask.com
207.46.13.97		http://linkedin.com
192.10.10.10		http://alibaba.com
101.226.33.237		http://wikipedia.org
66.249.78.198		http://live.com
127.0.0.1		http://instagram.com
192.20.10.10		http://darknet.info
101.226.33.237		http://hao123.com
90.236.49.48		http://blogspot.com
66.249.78.205		http://xvideos.com
217.160.81.2		http://bestbuy.com
66.249.64.120		http://weibo.com
94.243.220.76		http://alibaba.com
217.160.80.173		http://yahoo.com
201.49.220.38		http://bbc.co.uk
193.20.10.10		http://espn.go.com
66.249.78.198		http://ask.com
217.160.83.168		http://weibo.com
123.125.71.116		http://shmoogle.com
220.181.108.104		http://Buzzfeed.com
192.20.10.10		http://instagram.com
101.226.33.237		http://rakuten.co.jp
180.76.5.171		http://sina.com.cn
217.160.81.173		http://onetwotrip.com
60.190.218.161		http://xhamster.com
141.8.224.239		http://fc2.com
193.10.10.10		http://stackoverflow.com
211.36.159.183		http://163.com
151.250.164.109		http://netflix.com
193.20.10.10		http://google.fr
23.94.79.86		http://youku.com
12.233.108.228		http://163.com
66.249.64.69		http://go.com
193.10.10.10		http://yahoo.com
192.20.10.10		http://craigslist.org
217.160.81.173		http://craigslist.org
94.243.220.76		http://google.co.in
66.249.64.94		http://huffingtonpost.com
207.46.13.51		http://163.com
122.4.64.144		http://apple.com
207.46.13.97		http://Buzzfeed.com
66.249.78.205		http://shmoogle.com
180.76.5.148		http://weibo.com
66.249.64.121		http://linkedin.com
207.46.13.137		http://ask.com
94.243.220.76		http://google.com.mx
112.19.229.23		http://wikipedia.org
66.249.64.73		http://127.0.0.1
66.249.64.43		http://Onclickads.net
193.20.10.10		http://netflix.com
66.249.64.35		http://darknet.info
207.46.13.97		http://alibaba.com
66.249.64.102		http://weibo.com
217.160.82.168		http://youradexchange.com
141.8.224.239		http://sina.com.cn
217.160.81.2		http://wikipedia.org
217.160.83.2		http://cnn.com
192.20.10.10		http://stackoverflow.com
122.4.64.144		http://huffingtonpost.com
192.10.10.10		http://live.com
60.190.218.161		http://bestbuy.com
217.160.81.173		http://163.com
180.76.5.147		http://youtube.com
43.225.149.49		http://people.com.cn
217.160.82.2		http://youtube.com
127.0.0.1		http://people.com.cn
127.0.0.1		http://google.com
122.4.64.144		http://google.com.tr
180.76.5.148		http://xvideos.com
66.249.64.120		http://weibo.com
66.249.64.25		http://imgur.com
112.19.229.23		http://youradexchange.com
66.249.64.102		http://mail.ru
90.236.49.48		http://darknet.info
43.225.149.49		http://google.co.uk
66.249.64.120		http://google.co.uk
66.249.64.98		http://Akamaihd.net
217.160.81.2		http://reddit.com
23.94.79.86		http://Cntv.cn
201.49.220.38		http://bestbuy.com
217.160.81.173		http://walmart.com
141.8.224.239		http://yahoo.co.jp
66.249.64.102		http://google.com.br
23.94.79.86		http://youku.com
66.249.64.113		http://youtube.com
82.75.109.85		http://xhamster.com
127.0.0.1		http://163.com
66.249.64.98		http://rakuten.co.jp
66.249.64.120		http://faceboook.com
12.233.108.228		http://stackoverflow.com
217.160.80.173		http://hao123.com
201.49.220.38		http://alipay.com
66.249.64.102		http://google.com
66.249.64.77		http://twitter.com
66.249.64.120		http://kickass.so
217.160.83.168		http://yahoo.co.jp
212.231.30.138		http://walmart.com
207.46.13.137		http://craigslist.org
66.249.64.94		http://onetwotrip.com
180.76.5.171		http://google.com
60.190.218.161		http://hao123.com
66.249.78.218		http://weibo.com
66.249.64.73		http://t.co
217.160.82.2		http://imgur.com
123.125.71.116		http://aliexpress.com
127.0.0.1		http://google.com
217.160.82.168		http://mail.ru
101.226.33.237		http://onetwotrip.com
217.160.80.2		http://xnxx.com
193.20.10.10		http://adcash.com
127.0.0.1		http://alipay.com
66.249.64.117		http://google.ca
66.249.64.113		http://Onclickads.net
43.225.149.49		http://microsoft.com
66.249.64.113		http://pornhub.com
66.249.78.218		http://127.0.0.1
217.160.80.2		http://bing.com
193.10.10.10		http://facebook.com
82.75.109.85		http://live.com
193.10.10.10		http://pinterest.com
180.76.5.147		http://faceboook.com
180.76.5.171		http://youtube.com
207.46.13.51		http://blogspot.com
43.225.149.49		http://onetwotrip.com
220.181.108.104		http://go.com
66.249.64.69		http://yandex.ru
94.243.220.76		http://imdb.com
193.20.10.10		http://soso.com
201.49.220.38		http://Cntv.cn
207.46.13.137		http://google.com.mx
66.249.64.113		http://craigslist.org
101.226.33.237		http://localhost
66.249.78.218		http://espn.go.com
66.249.78.198		http://imgur.com
112.19.229.23		http://google.com
207.46.13.97		http://tumblr.com
217.160.81.173		http://localhost
66.249.78.218		http://google.pl
12.233.108.228		http://google.es
66.249.64.113		http://apple.com
123.125.71.60		http://google.ca
94.243.220.76		http://xinhuanet.com
207.46.13.51		http://youradexchange.com
108.59.82.144		http://vk.com
180.76.5.148		http://stackoverflow.com
66.249.64.102		http://gmw.cn
66.249.64.77		http://linkedin.com
60.190.218.161		http://Onclickads.net
90.236.49.48		http://youradexchange.com
66.249.78.218		http://faceboook.com
122.4.64.144		http://live.com
23.94.79.86		http://localhost
201.147.132.57		http://craigslist.org
66.249.64.120		http://aliexpress.com
192.10.10.10		http://google.ca
207.46.13.97		http://360.cn
66.249.64.121		http://adcash.com
123.125.71.116		http://google.de
217.160.81.2		http://dropbox.com
66.249.64.43		http://youtube.com
217.160.83.168		http://google.ru
207.46.13.97		http://netflix.com
66.249.64.117		http://gmw.cn
66.249.78.218		http://127.0.0.1
12.233.108.228		http://google.co.jp
127.0.0.1		http://twitter.com
193.10.10.10		http://reddit.com
123.125.71.116		http://Akamaihd.net
60.190.218.161		http://wordpress.com
108.59.82.144		http://bestbuy.com
201.49.220.38		http://linkedin.com
82.75.109.85		http://blogger.com
211.36.159.183		http://rakuten.co.jp
108.59.82.144		http://google.de
66.249.78.218		http://aviasales.ru
192.10.10.10		http://360.cn
201.49.220.38		http://shmoogle.com
123.125.71.60		http://shmoogle.com
66.249.78.198		http://onetwotrip.com
216.185.39.104		http://google.com.mx
66.249.64.73		http://onetwotrip.com
193.20.10.10		http://xinhuanet.com
141.8.224.239		http://google.com.hk
217.160.81.173		http://alibaba.com
180.76.5.145		http://pinterest.com
82.75.109.85		http://localhost
66.249.64.117		http://taobao.com
217.160.80.2		http://blogger.com
201.147.132.57		http://weibo.com
193.20.10.10		http://t.co
212.231.30.138		http://youku.com
193.10.10.10		http://soso.com
66.249.64.120		http://amazon.com
112.19.229.23		http://127.0.0.1
123.125.71.116		http://Googleadservices.com
141.8.224.239		http://soso.com
217.160.81.173		http://amazon.com
192.20.10.10		http://faceboook.com
112.19.229.23		http://amazon.com
127.0.0.1		http://shmoogle.com
151.250.164.109		http://onetwotrip.com
217.160.83.168		http://facebook.com
217.160.82.168		http://xnxx.com
66.249.64.73		http://Buzzfeed.com
60.190.218.161		http://huffingtonpost.com
123.125.71.60		http://127.0.0.1
123.125.71.116		http://alipay.com
66.249.64.94		http://twitter.com
23.94.79.86		http://Googleadservices.com
180.76.5.171		http://bestbuy.com
66.249.64.120		http://go.com
217.160.82.2		http://kickass.so
217.160.83.2		http://localhost
101.226.33.237		http://google.com.br
12.233.108.228		http://shmoogle.com
108.59.82.144		http://youku.com
66.249.78.205		http://pornhub.com
66.249.64.73		http://mail.ru
217.160.83.168		http://google.de
66.249.78.198		http://huffingtonpost.com
192.10.10.10		http://youtube.com
66.249.64.117		http://tumblr.com
217.160.81.2		http://google.co.in
193.20.10.10		http://reddit.com
216.185.39.104		http://google.es
207.46.13.97		http://rakuten.co.jp
94.243.220.76		http://Buzzfeed.com
90.236.49.48		http://people.com.cn
23.94.79.86		http://soso.com
108.59.82.144		http://t.co
66.249.64.94		http://Cntv.cn
94.243.220.76		http://Cntv.cn
180.76.5.171		http://rakuten.co.jp
66.249.64.43		http://google.pl
151.250.164.109		http://wikipedia.org
180.76.5.145		http://rakuten.co.jp
207.46.13.137		http://google.com
12.233.108.228		http://google.com.hk
207.46.13.51		http://gmw.cn
23.94.79.86		http://onetwotrip.com
217.160.83.2		http://google.co.jp
216.185.39.104		http://localhost
216.185.39.104		http://google.it
66.249.64.77		http://huffingtonpost.com
66.249.64.94		http://adcash.com
192.10.10.10		http://huffingtonpost.com
123.125.71.60		http://aviasales.ru
193.20.10.10		http://sohu.com
180.76.5.147		http://stackoverflow.com
66.249.64.69		http://t.co
141.8.224.239		http://amazon.com
127.0.0.1		http://onetwotrip.com
66.249.64.113		http://darknet.info
123.125.71.116		http://Akamaihd.net
101.226.33.237		http://Naver.com
201.147.132.57		http://imdb.com
212.231.30.138		http://yahoo.com
82.75.109.85		http://yahoo.com
192.20.10.10		http://alibaba.com
94.243.220.76		http://mail.ru
112.19.229.23		http://google.com.mx
211.36.159.183		http://weibo.com
66.249.64.35		http://google.es
217.160.81.173		http://xhamster.com
217.160.82.168		http://google.ru
127.0.0.1		http://yahoo.co.jp
66.249.64.35		http://tumblr.com
66.249.64.25		http://msn.com
180.76.5.148		http://go.com
66.249.64.94		http://mail.ru
66.249.78.218		http://163.com
66.249.78.205		http://127.0.0.1
66.249.64.73		http://alibaba.com
66.249.64.77		http://espn.go.com
123.125.71.116		http://google.ru
66.249.64.120		http://ask.com
66.249.78.205		http://fc2.com
193.10.10.10		http://apple.com
123.125.71.116		http://taobao.com
211.36.159.183		http://google.es
66.249.78.205		http://127.0.0.1
112.19.229.23		http://xinhuanet.com
217.160.83.168		http://google.com.tr
66.249.64.69		http://google.ru
43.225.149.49		http://pinterest.com
66.249.78.218		http://google.fr
66.249.64.121		http://onetwotrip.com
123.125.71.60		http://hao123.com
66.249.64.121		http://google.co.uk
193.20.10.10		http://sina.com.cn
141.8.224.239		http://yahoo.com
66.249.64.120		http://google.co.jp
43.225.149.49		http://alibaba.com
66.249.78.198		http://bestbuy.com
66.249.64.113		http://Buzzfeed.com
23.94.79.86		http://blogger.com
123.125.71.116		http://dailymotion.com
180.76.5.148		http://127.0.0.1
217.160.83.2		http://tumblr.com
66.249.64.35		http://127.0.0.1
207.46.13.51		http://msn.com
123.125.71.116		http://live.com
180.76.5.145		http://google.com.br
207.46.13.51		http://dailymotion.com
192.20.10.10		http://google.com.br
66.249.64.113		http://facebook.com
180.76.5.145		http://faceboook.com
23.94.79.86		http://google.com
217.160.83.2		http://google.com.br
122.4.64.144		http://google.de
212.231.30.138		http://google.com.au
94.243.220.76		http://onetwotrip.com
66.249.64.94		http://google.com.hk
217.160.80.2		http://shmoogle.com
66.249.64.94		http://aviasales.ru
66.249.64.69		http://google.pl
66.249.78.198		http://sohu.com
66.249.78.198		http://google.co.uk
193.10.10.10		http://google.pl
201.147.132.57		http://google.ru
123.125.71.116		http://Akamaihd.net
123.125.71.116		http://163.com
217.160.83.2		http://soso.com
180.76.5.148		http://youradexchange.com
66.249.64.113		http://aviasales.ru
217.160.80.173		http://google.fr
66.249.64.113		http://faceboook.com
82.75.109.85		http://aviasales.ru
123.125.71.116		http://vk.com
192.10.10.10		http://go.com
180.76.5.148		http://craigslist.org
207.46.13.137		http://huffingtonpost.com
66.249.78.218		http://Akamaihd.net
217.160.83.2		http://facebook.com
180.76.5.147		http://google.pl
66.249.78.205		http://tmall.com
217.160.83.2		http://googleusercontent.com
217.160.80.2		http://xvideos.com
180.76.5.145		http://xinhuanet.com
127.0.0.1		http://soso.com
192.20.10.10		http://aliexpress.com
